Ninjato                                   ;Domain
https://ninjato.umbler.com/customer/398808;istc.com.br
https://ninjato.umbler.com/customer/398855;enzomidias.com
https://ninjato.umbler.com/customer/398884;medicamentosemcasa.com.br
https://ninjato.umbler.com/customer/399002;flowbmx.com.br
https://ninjato.umbler.com/customer/399292;jesonias.com.br
https://ninjato.umbler.com/customer/399316;primiciacosmeticos.com.br
https://ninjato.umbler.com/customer/399342;atroz.com.br
https://ninjato.umbler.com/customer/400510;fbgamesbr.com
https://ninjato.umbler.com/customer/400611;seedcommunity.net
https://ninjato.umbler.com/customer/400649;erickscontabilidade.com.br
https://ninjato.umbler.com/customer/400672;julianimatte.com.br
https://ninjato.umbler.com/customer/400863;grupogap.org.br
https://ninjato.umbler.com/customer/400899;cirioquimica.com.br
https://ninjato.umbler.com/customer/400915;sfstrader.com
https://ninjato.umbler.com/customer/401039;evolucaoacademia.com.br
https://ninjato.umbler.com/customer/401063;meutokio.com.br
https://ninjato.umbler.com/customer/401145;ptgol.com.br
https://ninjato.umbler.com/customer/401222;infinityfogos.com.br
https://ninjato.umbler.com/customer/401270;useamarelomanga.com
https://ninjato.umbler.com/customer/401319;gsolut.com.br
https://ninjato.umbler.com/customer/401340;suacuradoria.com.br
https://ninjato.umbler.com/customer/402476;thenerdpub.com.br
https://ninjato.umbler.com/customer/402532;coddeo.com
https://ninjato.umbler.com/customer/402672;valentech.com.br
https://ninjato.umbler.com/customer/402730;iseek.com.br
https://ninjato.umbler.com/customer/402873;ovitorsantos.com
https://ninjato.umbler.com/customer/402904;boladadarodada.com
https://ninjato.umbler.com/customer/402925;alocacoesd3.com
https://ninjato.umbler.com/customer/402941;afroascendenteconsultoria.com.br
https://ninjato.umbler.com/customer/402953;luanakuster.com.br
https://ninjato.umbler.com/customer/403071;ygorux.com.br
https://ninjato.umbler.com/customer/403083;azulesweb.com
https://ninjato.umbler.com/customer/403096;rodolfoberlezi.com.br
https://ninjato.umbler.com/customer/403114;searchcloud.com.br
https://ninjato.umbler.com/customer/403116;euempreendedor.cf
https://ninjato.umbler.com/customer/403148;thmferramentas.com.br
https://ninjato.umbler.com/customer/403162;mgclima.com.br
https://ninjato.umbler.com/customer/403268;giselecipili.com.br
https://ninjato.umbler.com/customer/403272;mfsolucoesindustriais.com.br
https://ninjato.umbler.com/customer/403345;shiftcapital.com.br
https://ninjato.umbler.com/customer/403350;noticiandohoje.com
https://ninjato.umbler.com/customer/403413;nthweb.com.br
https://ninjato.umbler.com/customer/403431;englishahead.com.br
https://ninjato.umbler.com/customer/403444;h7eng.com
https://ninjato.umbler.com/customer/403458;vidracariaraysa.com.br
https://ninjato.umbler.com/customer/403524;verumceler.com.br
https://ninjato.umbler.com/customer/403554;wbelato.com.br
https://ninjato.umbler.com/customer/403588;elojobstandard.com.br
https://ninjato.umbler.com/customer/403691;valoramazonico.com
https://ninjato.umbler.com/customer/403723;dietnatural.com.br
https://ninjato.umbler.com/customer/404181;solucaoportoes.com.br
https://ninjato.umbler.com/customer/404191;viversemdepressao.com.br
https://ninjato.umbler.com/customer/404233;recantto.com.br
https://ninjato.umbler.com/customer/404277;forsolution.com.br
https://ninjato.umbler.com/customer/404326;weauditgames.com.br
https://ninjato.umbler.com/customer/404477;monstrosdab3.com.br
https://ninjato.umbler.com/customer/404555;aplicarplan.com.br
https://ninjato.umbler.com/customer/404587;staakmed.com.br
https://ninjato.umbler.com/customer/404672;sisranking.com
https://ninjato.umbler.com/customer/404688;polimetrisis.com.br
https://ninjato.umbler.com/customer/404822;guicosta.com.br
https://ninjato.umbler.com/customer/405091;rodrigovenancio.com
https://ninjato.umbler.com/customer/405104;nowagencia.com.br
https://ninjato.umbler.com/customer/405337;manicurasmilionarias.com.br
https://ninjato.umbler.com/customer/405427;ptbsc.org
https://ninjato.umbler.com/customer/405467;mpolachini.com.br
https://ninjato.umbler.com/customer/405607;receitamagra.com.br
https://ninjato.umbler.com/customer/405707;playxd.online
https://ninjato.umbler.com/customer/405713;kaiomarcellus.adv.br
https://ninjato.umbler.com/customer/405784;allanmotroni.com
https://ninjato.umbler.com/customer/405874;qls.com.br
https://ninjato.umbler.com/customer/406108;amigurumisociedadesecreta.com.br
https://ninjato.umbler.com/customer/408348;bodnariucviagens.com.br
https://ninjato.umbler.com/customer/408353;4elementostrips.com.br
https://ninjato.umbler.com/customer/408542;tabuasneandertal.com.br
https://ninjato.umbler.com/customer/408575;resistenciacamponesa.com
https://ninjato.umbler.com/customer/408645;clicks360.curitiba.br
https://ninjato.umbler.com/customer/408699;repositorioacademico.com.br
https://ninjato.umbler.com/customer/408735;oticavisaototal.com.br
https://ninjato.umbler.com/customer/408953;velpay.com.br
https://ninjato.umbler.com/customer/409100;caldeiraodasartesumare.com
https://ninjato.umbler.com/customer/409104;truealliance.com.br
https://ninjato.umbler.com/customer/409279;futibassports.com.br
https://ninjato.umbler.com/customer/409400;sofreela.com
https://ninjato.umbler.com/customer/409411;taticaenergia.com.br
https://ninjato.umbler.com/customer/409461;prosperainstitute.com.br
https://ninjato.umbler.com/customer/409493;tocadacoelhinha.com.br
https://ninjato.umbler.com/customer/409549;espacopics.com.br
https://ninjato.umbler.com/customer/409594;visionaireoptica.com.br
https://ninjato.umbler.com/customer/409637;damadeluxo.com.br
https://ninjato.umbler.com/customer/409667;wordpress-pluguins.online
https://ninjato.umbler.com/customer/409694;associacaotoybade.com
https://ninjato.umbler.com/customer/409719;berg.net.br
https://ninjato.umbler.com/customer/409813;verboamar.ong.br
https://ninjato.umbler.com/customer/409996;vitorazzoatelier.com.br
https://ninjato.umbler.com/customer/410089;escolaevp.com.br
https://ninjato.umbler.com/customer/410153;opcaofitnessferraz.com.br
https://ninjato.umbler.com/customer/410172;aeaimmigration.com.br
https://ninjato.umbler.com/customer/410267;raumempreendimentos.com.br
https://ninjato.umbler.com/customer/410293;worldsartori.com
https://ninjato.umbler.com/customer/410316;movepilates.com.br
https://ninjato.umbler.com/customer/410336;assistirtv.pro
https://ninjato.umbler.com/customer/410340;edpersonalizados.com.br
https://ninjato.umbler.com/customer/410342;colegiosantamarta.com.br
https://ninjato.umbler.com/customer/410447;galeza.com.br
https://ninjato.umbler.com/customer/410452;oburgues.com
https://ninjato.umbler.com/customer/410473;loyannaebruno.com.br
https://ninjato.umbler.com/customer/410523;goodchef.com.br
https://ninjato.umbler.com/customer/410546;emissorintegre.com
https://ninjato.umbler.com/customer/410595;makedodesign.com.br
https://ninjato.umbler.com/customer/410621;suportetecnicosos.com.br
https://ninjato.umbler.com/customer/410655;inforegishop.com
https://ninjato.umbler.com/customer/412008;consultar28.com.br
https://ninjato.umbler.com/customer/412255;jessicaromero.com.br
https://ninjato.umbler.com/customer/412281;vilarinhocardiovet.com.br
https://ninjato.umbler.com/customer/412286;revistamotorhome.com.br
https://ninjato.umbler.com/customer/412388;nowedigital.com.br
https://ninjato.umbler.com/customer/412397;chicaobulhoes.com.br
https://ninjato.umbler.com/customer/412541;kadufernandiz.com
https://ninjato.umbler.com/customer/412584;namespace.net.br
https://ninjato.umbler.com/customer/412592;novodente.com.br
https://ninjato.umbler.com/customer/412594;rafaelbm.com
https://ninjato.umbler.com/customer/412635;ericguimaraes.com
https://ninjato.umbler.com/customer/412702;avggp.com.br
https://ninjato.umbler.com/customer/412714;connextelecom.com.br
https://ninjato.umbler.com/customer/412742;bioencia.com
https://ninjato.umbler.com/customer/412888;automatecmcz.com.br
https://ninjato.umbler.com/customer/412946;meurermarcenaria.com.br
https://ninjato.umbler.com/customer/412965;mauriliovilela.com.br
https://ninjato.umbler.com/customer/413043;entendendorelacionamentos.com
https://ninjato.umbler.com/customer/413056;mxdev.com.br
https://ninjato.umbler.com/customer/413069;globotecsistemas.com.br
https://ninjato.umbler.com/customer/413233;jrs-code.dev
https://ninjato.umbler.com/customer/413322;natalexpocrista.com.br
https://ninjato.umbler.com/customer/413383;oryz.com.br
https://ninjato.umbler.com/customer/413396;tuppershop.com.br
https://ninjato.umbler.com/customer/413400;centerchacon.com.br
https://ninjato.umbler.com/customer/413648;equilibriofinanceirors.com.br
https://ninjato.umbler.com/customer/413670;laizcesar.com
https://ninjato.umbler.com/customer/414054;2html.com.br
https://ninjato.umbler.com/customer/414074;solarpoa.eng.br
https://ninjato.umbler.com/customer/414175;cadastrodesucatas.com.br
https://ninjato.umbler.com/customer/414228;thascyolobatotattoo.com.br
https://ninjato.umbler.com/customer/414263;jupiterbi.co
https://ninjato.umbler.com/customer/414367;kathersoft.com.br
https://ninjato.umbler.com/customer/414483;jeanbatista.page
https://ninjato.umbler.com/customer/414485;eduleitederramado.com.br
https://ninjato.umbler.com/customer/414667;wgalmeida.com.br
https://ninjato.umbler.com/customer/414727;ilovecatdog.com.br
https://ninjato.umbler.com/customer/414732;getstore.com.br
https://ninjato.umbler.com/customer/414734;vikingapp.net
https://ninjato.umbler.com/customer/414815;verticalbu.com
https://ninjato.umbler.com/customer/414849;slgestrategias.com
https://ninjato.umbler.com/customer/414859;paulineroeder.com
https://ninjato.umbler.com/customer/414874;jornalcorreiodacidade.com.br
https://ninjato.umbler.com/customer/414880;jumboservicos.com.br
https://ninjato.umbler.com/customer/414915;empoderamentodigital.com
https://ninjato.umbler.com/customer/414972;altofalantenoticias.com.br
https://ninjato.umbler.com/customer/414981;anafedalto.com.br
https://ninjato.umbler.com/customer/415009;maxsmart.xyz
https://ninjato.umbler.com/customer/415020;bomdemaissupermercados.com.br
https://ninjato.umbler.com/customer/415033;frutanacasa.com.br
https://ninjato.umbler.com/customer/415043;50cbg.com
https://ninjato.umbler.com/customer/415083;futmoney.com.br
https://ninjato.umbler.com/customer/415087;mtransportes.com.br
https://ninjato.umbler.com/customer/415268;cascaisnoticias.pt
https://ninjato.umbler.com/customer/415296;rbrgroup.solutions
https://ninjato.umbler.com/customer/415319;spaziononni.com.br
https://ninjato.umbler.com/customer/415342;profwaidd.com.br
https://ninjato.umbler.com/customer/415373;bethanialobato.com.br
https://ninjato.umbler.com/customer/415389;blog.laghettohoteis.com.br
https://ninjato.umbler.com/customer/415400;clipper65.net.br
https://ninjato.umbler.com/customer/415416;lesleytrainer.com.br
https://ninjato.umbler.com/customer/415537;hype60mais.com.br
https://ninjato.umbler.com/customer/415541;leblecasadepaes.com.br
https://ninjato.umbler.com/customer/415580;clinicaneurofun.com.br
https://ninjato.umbler.com/customer/415581;williangarcias.com.br
https://ninjato.umbler.com/customer/415691;naturaloficial.com
https://ninjato.umbler.com/customer/415851;visiosfera.com
https://ninjato.umbler.com/customer/415852;wesleyribeiro.com.br
https://ninjato.umbler.com/customer/415958;diegoaraujopro.com.br
https://ninjato.umbler.com/customer/416041;donjuarez.com.br
https://ninjato.umbler.com/customer/416080;eleitorconscio.com.br
https://ninjato.umbler.com/customer/416143;sistemout.com
https://ninjato.umbler.com/customer/416152;elera-old.tk
https://ninjato.umbler.com/customer/416494;virtualsoccer.tk
https://ninjato.umbler.com/customer/416533;nabrasahamburguer.com.br
https://ninjato.umbler.com/customer/416703;miguellanhouse.com
https://ninjato.umbler.com/customer/416722;redesenhe.com.br
https://ninjato.umbler.com/customer/416807;jesusebom.org
https://ninjato.umbler.com/customer/416844;hoteldorafa.com
https://ninjato.umbler.com/customer/416882;upser.com.br
https://ninjato.umbler.com/customer/417014;bandacayana.com.br
https://ninjato.umbler.com/customer/417065;desentupidoranazonaleste.com
https://ninjato.umbler.com/customer/417250;pyttasoft.com.br
https://ninjato.umbler.com/customer/417283;cupcom.com.br
https://ninjato.umbler.com/customer/417319;cursilho-ni.org.br
https://ninjato.umbler.com/customer/417366;eternizapet.com
https://ninjato.umbler.com/customer/417367;aulas24por7.com.br
https://ninjato.umbler.com/customer/417417;imperialgeek.com.br
https://ninjato.umbler.com/customer/417449;dalego.com
https://ninjato.umbler.com/customer/417455;panificadorapandeca.com.br
https://ninjato.umbler.com/customer/417480;drawaldiza.com.br
https://ninjato.umbler.com/customer/417502;rcheruti.com
https://ninjato.umbler.com/customer/417574;webgovip.live
https://ninjato.umbler.com/customer/417620;aqualina.com.br
https://ninjato.umbler.com/customer/417641;cabraleassociados.adv.br
https://ninjato.umbler.com/customer/417649;oficinadurio.com.br
https://ninjato.umbler.com/customer/417978;evoge.com.br
https://ninjato.umbler.com/customer/418308;lojadathalita.com.br
https://ninjato.umbler.com/customer/419434;seminarioabri2020.org.br
https://ninjato.umbler.com/customer/419491;onefisio.com.br
https://ninjato.umbler.com/customer/419646;maisciencias.com.br
https://ninjato.umbler.com/customer/419648;friendly.love
https://ninjato.umbler.com/customer/419667;codegsistemas.ga
https://ninjato.umbler.com/customer/419715;maquiagemdesucesso.com.br
https://ninjato.umbler.com/customer/419740;konkretarquitetura.com.br
https://ninjato.umbler.com/customer/419781;voidcaz.com
https://ninjato.umbler.com/customer/419903;teutime.com.br
https://ninjato.umbler.com/customer/419929;andrewia.com.br
https://ninjato.umbler.com/customer/420013;vgsbm.com
https://ninjato.umbler.com/customer/420090;micontrollo.com.br
https://ninjato.umbler.com/customer/420154;dfsolucoesemfachadas.com.br
https://ninjato.umbler.com/customer/420379;chs-ec.com.br
https://ninjato.umbler.com/customer/420492;condorcetproject.org
https://ninjato.umbler.com/customer/420565;clauguidetti.com.br
https://ninjato.umbler.com/customer/420599;tudoprosa.com
https://ninjato.umbler.com/customer/420629;homeofficedigitacao.com.br
https://ninjato.umbler.com/customer/420634;ocanga.com.br
https://ninjato.umbler.com/customer/420675;emaildireto.com.br
https://ninjato.umbler.com/customer/420751;growwin.online
https://ninjato.umbler.com/customer/420781;rankingequalssport.com
https://ninjato.umbler.com/customer/420840;portaldevendasweb.com
https://ninjato.umbler.com/customer/420980;aquaristasanonimos.com.br
https://ninjato.umbler.com/customer/421017;rferreirace.com.br
https://ninjato.umbler.com/customer/421040;agenciacatchup.com.br
https://ninjato.umbler.com/customer/421059;dertech.com.br
https://ninjato.umbler.com/customer/421069;locadoraopcao.com.br
https://ninjato.umbler.com/customer/421094;ovpnconfig.com.br
https://ninjato.umbler.com/customer/421097;app-goplanning.com.br
https://ninjato.umbler.com/customer/421123;guandeliniengenharia.com.br
https://ninjato.umbler.com/customer/421137;vendedorinvencivel.com
https://ninjato.umbler.com/customer/421163;fornecedoresdesucessovip.com
https://ninjato.umbler.com/customer/421245;gvetemcasa.com.br
https://ninjato.umbler.com/customer/421246;labu.com.br
https://ninjato.umbler.com/customer/421443;lojaopenbrasil.ml
https://ninjato.umbler.com/customer/421649;nobairro.app
https://ninjato.umbler.com/customer/421674;ipirangaone.com.br
https://ninjato.umbler.com/customer/421759;advocaciahomerosilva.com.br
https://ninjato.umbler.com/customer/421944;altcollabs.com
https://ninjato.umbler.com/customer/421975;mwjestruturasmetalicas.com.br
https://ninjato.umbler.com/customer/421978;jaboo.com.br
https://ninjato.umbler.com/customer/422016;skullbonesbr.com
https://ninjato.umbler.com/customer/422106;fascontrolefinanceiro.com.br
https://ninjato.umbler.com/customer/422128;julianaourique.com.br
https://ninjato.umbler.com/customer/422134;minha.comandinha.com.br
https://ninjato.umbler.com/customer/422164;moovixtv.com
https://ninjato.umbler.com/customer/422280;teamsync.com.br
https://ninjato.umbler.com/customer/422314;giovannicarloadvocacia.com.br
https://ninjato.umbler.com/customer/422419;bnccdigital.com.br
https://ninjato.umbler.com/customer/422469;niffler.com.br
https://ninjato.umbler.com/customer/422530;king-esporte.com
https://ninjato.umbler.com/customer/422635;vaniadobro.com
https://ninjato.umbler.com/customer/422639;confrariadoscariocas.com.br
https://ninjato.umbler.com/customer/422652;erpjariomilitar.com
https://ninjato.umbler.com/customer/422680;metalurgicadumont.com.br
https://ninjato.umbler.com/customer/422715;listagp.com
https://ninjato.umbler.com/customer/422775;d7beauty.com.br
https://ninjato.umbler.com/customer/422819;siteapz.com.br
https://ninjato.umbler.com/customer/422863;gabrielncosta.com.br
https://ninjato.umbler.com/customer/422918;jbaf.com.br
https://ninjato.umbler.com/customer/422935;institutofamily.com.br
https://ninjato.umbler.com/customer/423026;pousadadagruta.com.br
https://ninjato.umbler.com/customer/423058;redemaze.com
https://ninjato.umbler.com/customer/423171;7uniformes.com.br
https://ninjato.umbler.com/customer/423178;aplicativoacvali.com
https://ninjato.umbler.com/customer/423242;atenasacademia.com.br
https://ninjato.umbler.com/customer/423387;fulopatchwork.com.br
https://ninjato.umbler.com/customer/423435;codeseven.com.br
https://ninjato.umbler.com/customer/423453;pulsarlab.studio
https://ninjato.umbler.com/customer/423700;adrianodaniel.com.br
https://ninjato.umbler.com/customer/423708;programahny.com.br
https://ninjato.umbler.com/customer/423725;netorbe.com
https://ninjato.umbler.com/customer/423832;corvusnigrummc.com.br
https://ninjato.umbler.com/customer/423984;visaovm.com
https://ninjato.umbler.com/customer/424064;priscilafloriano.eti.br
https://ninjato.umbler.com/customer/424101;helppassengers.com.br
https://ninjato.umbler.com/customer/424167;lcseletronica.com.br
https://ninjato.umbler.com/customer/424247;hamiltonsantos.com
https://ninjato.umbler.com/customer/424595;mapadotriunfo.com.br
https://ninjato.umbler.com/customer/424716;bandaatitudecarioca.com.br
https://ninjato.umbler.com/customer/424776;jukugeemu.com.br
https://ninjato.umbler.com/customer/424807;institutoveg.com.br
https://ninjato.umbler.com/customer/424816;petsaudavel.vet.br
https://ninjato.umbler.com/customer/424897;nullbytes.com.br
https://ninjato.umbler.com/customer/424976;esult.com.br
https://ninjato.umbler.com/customer/425057;marketinger.com.br
https://ninjato.umbler.com/customer/425061;mullerchoperia.com
https://ninjato.umbler.com/customer/425067;noticiassd.com.br
https://ninjato.umbler.com/customer/425126;triofoguinho.com.br
https://ninjato.umbler.com/customer/425179;joseaugustolima.com
https://ninjato.umbler.com/customer/425300;modaskarin.com.br
https://ninjato.umbler.com/customer/425304;kriatech.com.br
https://ninjato.umbler.com/customer/425390;universodahelen.com.br
https://ninjato.umbler.com/customer/425464;samedic.com.br
https://ninjato.umbler.com/customer/425513;cristianeshinoda.com.br
https://ninjato.umbler.com/customer/425660;vascovasconcelos.com
https://ninjato.umbler.com/customer/425741;rrracoes.cf
https://ninjato.umbler.com/customer/425830;easywebmarketing.com.br
https://ninjato.umbler.com/customer/425855;megaartedesign.com.br
https://ninjato.umbler.com/customer/425865;jotavpublicidade.com.br
https://ninjato.umbler.com/customer/425867;pedometricsbrazil2020.com.br
https://ninjato.umbler.com/customer/425959;bigcash.me
https://ninjato.umbler.com/customer/425977;olindatem.com.br
https://ninjato.umbler.com/customer/426048;connectix.com.br
https://ninjato.umbler.com/customer/426054;brasbets.com
https://ninjato.umbler.com/customer/426057;infotrac.com.br
https://ninjato.umbler.com/customer/426131;universamateriaiseletricos.com
https://ninjato.umbler.com/customer/426145;qmarc.com.br
https://ninjato.umbler.com/customer/426201;emailcerto.net
https://ninjato.umbler.com/customer/426213;ema365.com.br
https://ninjato.umbler.com/customer/426222;clinicasorrisonovo.com
https://ninjato.umbler.com/customer/426253;spaziodivita2.com
https://ninjato.umbler.com/customer/426264;cvlcontabilidade.com.br
https://ninjato.umbler.com/customer/426342;iesers.com.br
https://ninjato.umbler.com/customer/426379;grupolemesrs.com.br
https://ninjato.umbler.com/customer/426489;pmegatv.com
https://ninjato.umbler.com/customer/426555;pressbook.com.br
https://ninjato.umbler.com/customer/426574;itaterapia.com.br
https://ninjato.umbler.com/customer/426604;viegassantos.design
https://ninjato.umbler.com/customer/426637;arqueomaquina.com.br
https://ninjato.umbler.com/customer/426699;huntercombat.com
https://ninjato.umbler.com/customer/426786;pousadaportaldascachoeirasdeibicoara.com
https://ninjato.umbler.com/customer/426938;credfass.com.br
https://ninjato.umbler.com/customer/427029;servtalterapias.com.br
https://ninjato.umbler.com/customer/427048;connectacwb.com.br
https://ninjato.umbler.com/customer/427067;imobiliaria4ilhas.com.br
https://ninjato.umbler.com/customer/427301;euronema.com.br
https://ninjato.umbler.com/customer/427322;calculadorajudicial.com
https://ninjato.umbler.com/customer/427338;mwmarques.com.br
https://ninjato.umbler.com/customer/427470;vagasifope.com.br
https://ninjato.umbler.com/customer/427536;goldview.com.br
https://ninjato.umbler.com/customer/427626;ascensus.com.br
https://ninjato.umbler.com/customer/427778;bemoreweb.com.br
https://ninjato.umbler.com/customer/427805;honorgravatas.com.br
https://ninjato.umbler.com/customer/427815;2trainfit.com
https://ninjato.umbler.com/customer/427952;futflix.live
https://ninjato.umbler.com/customer/428128;zm3.com.br
https://ninjato.umbler.com/customer/428200;condo.org.br
https://ninjato.umbler.com/customer/428238;distribuidorapoderdaaguia.com.br
https://ninjato.umbler.com/customer/428293;clicados.com.br
https://ninjato.umbler.com/customer/428348;marcapp.com.br
https://ninjato.umbler.com/customer/428373;seniorgym.com.br
https://ninjato.umbler.com/customer/428409;fastudiocriativo.com.br
https://ninjato.umbler.com/customer/428534;syncaudiovisual.com.br
https://ninjato.umbler.com/customer/428535;mercadocentral.contagem.br
https://ninjato.umbler.com/customer/428604;condacta.com.br
https://ninjato.umbler.com/customer/428611;outrascoisas.com.br
https://ninjato.umbler.com/customer/428663;api.blockburger.com.br
https://ninjato.umbler.com/customer/428760;paulafernandes.com.br
https://ninjato.umbler.com/customer/428856;vendasteresina.com.br
https://ninjato.umbler.com/customer/428906;chefkanandagomes.com.br
https://ninjato.umbler.com/customer/428995;ptcampinas.org.br
https://ninjato.umbler.com/customer/429003;saborbrasilrestaurante.com.br
https://ninjato.umbler.com/customer/429089;terra.prescreva.info
https://ninjato.umbler.com/customer/429191;administrerh.com
https://ninjato.umbler.com/customer/429244;lemconsultoria.com.br
https://ninjato.umbler.com/customer/429685;vendasweb.inf.br
https://ninjato.umbler.com/customer/429802;prevensolucoes.com.br
https://ninjato.umbler.com/customer/429843;casadosmotoresam.com.br
https://ninjato.umbler.com/customer/429954;nt5ead.com.br
https://ninjato.umbler.com/customer/429959;monka.net.br
https://ninjato.umbler.com/customer/430080;becgrafica.com.br
https://ninjato.umbler.com/customer/430180;audiseg.net.br
https://ninjato.umbler.com/customer/430206;danmoristore.com
https://ninjato.umbler.com/customer/430303;lycaria.com.br
https://ninjato.umbler.com/customer/430368;exiba.com.br
https://ninjato.umbler.com/customer/430377;integraweb.com.br
https://ninjato.umbler.com/customer/430420;danielviecili.com.br
https://ninjato.umbler.com/customer/430421;estudiobeltrana.com.br
https://ninjato.umbler.com/customer/430508;confrariadivasdeluxo.com.br
https://ninjato.umbler.com/customer/430515;barueriprafrente.dev
https://ninjato.umbler.com/customer/430535;somosgratitude.com.br
https://ninjato.umbler.com/customer/430542;praxisprev.com.br
https://ninjato.umbler.com/customer/430559;proximapromocao.com.br
https://ninjato.umbler.com/customer/430664;montalvao.eng.br
https://ninjato.umbler.com/customer/430715;cemho.com.br
https://ninjato.umbler.com/customer/430733;supportacabamentos.com.br
https://ninjato.umbler.com/customer/430782;connectfisiocursos.com.br
https://ninjato.umbler.com/customer/430902;admdata.com.br
https://ninjato.umbler.com/customer/430916;esconsulter.com.br
https://ninjato.umbler.com/customer/430943;pedrodegli.com
https://ninjato.umbler.com/customer/430964;pensamentosis.com.br
https://ninjato.umbler.com/customer/430968;desentupidorarl.com.br
https://ninjato.umbler.com/customer/430982;deckbox.com.br
https://ninjato.umbler.com/customer/431016;redserv.com.br
https://ninjato.umbler.com/customer/431024;oculosaki.com
https://ninjato.umbler.com/customer/431037;estrelacampinas.com.br
https://ninjato.umbler.com/customer/431227;enzofelicio.com.br
https://ninjato.umbler.com/customer/431261;metroplast.com.br
https://ninjato.umbler.com/customer/431376;santosclinic.com.br
https://ninjato.umbler.com/customer/431408;eegconsultoria.com
https://ninjato.umbler.com/customer/431414;araujoservices.com.br
https://ninjato.umbler.com/customer/431424;depositolider.com.br
https://ninjato.umbler.com/customer/431535;rafaelvinade.com
https://ninjato.umbler.com/customer/431683;thetibianic.com
https://ninjato.umbler.com/customer/431830;maisvagases.com.br
https://ninjato.umbler.com/customer/431941;deviel.com.br
https://ninjato.umbler.com/customer/432040;gklrefrigeracao.com.br
https://ninjato.umbler.com/customer/432121;claraproducoes.com
https://ninjato.umbler.com/customer/432128;pedroferreira.cc
https://ninjato.umbler.com/customer/432208;apicecursos.com
https://ninjato.umbler.com/customer/432220;portalregiao.com.br
https://ninjato.umbler.com/customer/432222;chriscoutoneuropsi.com.br
https://ninjato.umbler.com/customer/432239;wordfy.com.br
https://ninjato.umbler.com/customer/432254;hospitalveterinariobetim.com.br
https://ninjato.umbler.com/customer/432261;work4tools.com
https://ninjato.umbler.com/customer/432507;eventscor.com
https://ninjato.umbler.com/customer/432522;cajudabahia.com.br
https://ninjato.umbler.com/customer/432525;otimotrafego.com
https://ninjato.umbler.com/customer/432655;painel.outshop.com.br
https://ninjato.umbler.com/customer/432680;aplicativovendamais.com
https://ninjato.umbler.com/customer/432780;aquariumscuba.com.br
https://ninjato.umbler.com/customer/432821;djmissma.com.br
https://ninjato.umbler.com/customer/432842;arquibancadanews.com.br
https://ninjato.umbler.com/customer/432918;aplicativotifa.com
https://ninjato.umbler.com/customer/433013;hallef.com
https://ninjato.umbler.com/customer/433066;makimix.com.br
https://ninjato.umbler.com/customer/433185;abnermatheus.com
https://ninjato.umbler.com/customer/433240;cossconstrucoes.com.br
https://ninjato.umbler.com/customer/433256;shpdogscats.site
https://ninjato.umbler.com/customer/433419;diegoalmeidablog.com
https://ninjato.umbler.com/customer/433441;restauracarrs.com.br
https://ninjato.umbler.com/customer/433474;vernizsocial.com.br
https://ninjato.umbler.com/customer/433487;gandolfoegoncalves.adv.br
https://ninjato.umbler.com/customer/433647;inovacaoindustrial.com.br
https://ninjato.umbler.com/customer/433648;robertocisneros.com.br
https://ninjato.umbler.com/customer/433755;vitorluis.com.br
https://ninjato.umbler.com/customer/433798;sebea.com.br
https://ninjato.umbler.com/customer/433838;wallascruz.com.br
https://ninjato.umbler.com/customer/433856;tattoomusicfestival.com
https://ninjato.umbler.com/customer/433953;torresecatozo.com
https://ninjato.umbler.com/customer/433969;api.miconta.net.br
https://ninjato.umbler.com/customer/434018;leadthis.com.br
https://ninjato.umbler.com/customer/434023;ricardodantas.blog.br
https://ninjato.umbler.com/customer/434065;ocinquentenario.com.br
https://ninjato.umbler.com/customer/434137;blogdojoseelias.com.br
https://ninjato.umbler.com/customer/434148;vitoriarocha.com.br
https://ninjato.umbler.com/customer/434176;mulhertechsim.sr
https://ninjato.umbler.com/customer/434324;sorteargram.com
https://ninjato.umbler.com/customer/434430;daigoboutique.com.br
https://ninjato.umbler.com/customer/434509;pssaervendas.com
https://ninjato.umbler.com/customer/434625;thanksproducoes.com.br
https://ninjato.umbler.com/customer/434701;thaiinvest.com.br
https://ninjato.umbler.com/customer/434844;lysclinica.med.br
https://ninjato.umbler.com/customer/434902;conceptreguladora.com.br
https://ninjato.umbler.com/customer/434926;romulofc.com.br
https://ninjato.umbler.com/customer/435087;soulcoffeespecial.com
https://ninjato.umbler.com/customer/435101;dicasamazonbrasil.com.br
https://ninjato.umbler.com/customer/435116;mesclanegocios.com.br
https://ninjato.umbler.com/customer/435235;eletricagoldsilver.com.br
https://ninjato.umbler.com/customer/435274;dicasdeculinariabrazil.com
https://ninjato.umbler.com/customer/435362;redemultiplace.com
https://ninjato.umbler.com/customer/435379;autoescolanovalondres.com.br
https://ninjato.umbler.com/customer/435495;kluadvocacia.com.br
https://ninjato.umbler.com/customer/435556;equipaudio.com.br
https://ninjato.umbler.com/customer/435609;institutosesf.com
https://ninjato.umbler.com/customer/435620;alanbacha.com
https://ninjato.umbler.com/customer/435626;acasadomochileiro.com.br
https://ninjato.umbler.com/customer/435644;ruppel.com.br
https://ninjato.umbler.com/customer/435673;dispostamente.com.br
https://ninjato.umbler.com/customer/435716;experimentevoar.com.br
https://ninjato.umbler.com/customer/435987;acessomobilesec.com
https://ninjato.umbler.com/customer/436095;sheeee.com.br
https://ninjato.umbler.com/customer/436215;nocerainformatica.com.br
https://ninjato.umbler.com/customer/436357;olivertalk.com
https://ninjato.umbler.com/customer/436387;hollywoodmusicbar.com.br
https://ninjato.umbler.com/customer/436465;edengarden.com.br
https://ninjato.umbler.com/customer/436479;casa8home.com.br
https://ninjato.umbler.com/customer/436512;brasventrading.com.br
https://ninjato.umbler.com/customer/436666;uarchstudio.com.br
https://ninjato.umbler.com/customer/436754;trijoiameuprimeirovarilux.com.br
https://ninjato.umbler.com/customer/436873;coletivoganjaria.com.br
https://ninjato.umbler.com/customer/436879;adaptcontabilidade.com.br
https://ninjato.umbler.com/customer/436881;coachdecis.tk
https://ninjato.umbler.com/customer/437014;schulervinhote.com.br
https://ninjato.umbler.com/customer/437035;deliveryapp.com.br
https://ninjato.umbler.com/customer/437203;feltrinsistemas.com.br
https://ninjato.umbler.com/customer/437258;fbadsbrasil.com
https://ninjato.umbler.com/customer/437461;paginalocal.com.br
https://ninjato.umbler.com/customer/437467;tccgestao-homolog.com.br
https://ninjato.umbler.com/customer/437489;digima.com.br
https://ninjato.umbler.com/customer/437536;pretojoia.com.br
https://ninjato.umbler.com/customer/437558;horadesersaudavel.com
https://ninjato.umbler.com/customer/437573;dicasdaisis.com.br
https://ninjato.umbler.com/customer/437575;colegiomontesinai.com.br
https://ninjato.umbler.com/customer/437589;ervamatepredileta.com.br
https://ninjato.umbler.com/customer/437632;ilustrakarla.com
https://ninjato.umbler.com/customer/437668;3dsnc.com
https://ninjato.umbler.com/customer/437670;drfranciscoreisvascular.com.br
https://ninjato.umbler.com/customer/437675;caiocerqueira.com.br
https://ninjato.umbler.com/customer/437716;sicwork.com.br
https://ninjato.umbler.com/customer/437782;obairrista.net
https://ninjato.umbler.com/customer/437961;jcmartim.com
https://ninjato.umbler.com/customer/438073;abrame.com.br
https://ninjato.umbler.com/customer/438076;summusmarketing.com.br
https://ninjato.umbler.com/customer/438126;conectaedu.com.br
https://ninjato.umbler.com/customer/438155;guilhermematosadvocacia.com.br
https://ninjato.umbler.com/customer/438177;andreassibarreto.com
https://ninjato.umbler.com/customer/438246;centrocliniconh.com.br
https://ninjato.umbler.com/customer/438256;timeagile.com.br
https://ninjato.umbler.com/customer/438301;go.nobreakdesign.com.br
https://ninjato.umbler.com/customer/438326;ttg.com.br
https://ninjato.umbler.com/customer/438365;wnunes2020.com.br
https://ninjato.umbler.com/customer/438388;grifedamusica.com.br
https://ninjato.umbler.com/customer/438419;calccipe.com.br
https://ninjato.umbler.com/customer/438458;viversemaspas.com.br
https://ninjato.umbler.com/customer/438472;clikcarrs.com.br
https://ninjato.umbler.com/customer/438479;averdadesobrewilliambranham.org
https://ninjato.umbler.com/customer/438485;clubedabolinhape.com.br
https://ninjato.umbler.com/customer/438560;tranquillum.com.br
https://ninjato.umbler.com/customer/438587;perolamodels.com.br
https://ninjato.umbler.com/customer/438605;codehappy.com.br
https://ninjato.umbler.com/customer/438747;thassyaprado.com.br
https://ninjato.umbler.com/customer/438791;terrabrasilisdidaticos.com.br
https://ninjato.umbler.com/customer/438939;logoaliviagens.com
https://ninjato.umbler.com/customer/438981;kapfacilities.com
https://ninjato.umbler.com/customer/438987;sitestracks.com.br
https://ninjato.umbler.com/customer/439035;noticianamedida.com.br
https://ninjato.umbler.com/customer/439088;devfabiolima.com
https://ninjato.umbler.com/customer/439124;cleriodias.com.br
https://ninjato.umbler.com/customer/439150;disparoszap.com.br
https://ninjato.umbler.com/customer/439167;gfsmmi.com.br
https://ninjato.umbler.com/customer/439216;sintracal.org.br
https://ninjato.umbler.com/customer/439316;moovewellness.com.br
https://ninjato.umbler.com/customer/439385;ministeriodelouvor.com
https://ninjato.umbler.com/customer/439565;allinbloomtfm.com
https://ninjato.umbler.com/customer/439579;mattaadvocacia.com.br
https://ninjato.umbler.com/customer/439605;recargasonlline.com.br
https://ninjato.umbler.com/customer/439618;mlogbrasil.com.br
https://ninjato.umbler.com/customer/439673;nextclick.com.br
https://ninjato.umbler.com/customer/439951;gestaoimcon.com.br
https://ninjato.umbler.com/customer/439955;papinhas.baby
https://ninjato.umbler.com/customer/440089;matheustamada.com
https://ninjato.umbler.com/customer/440103;puddin.com.br
https://ninjato.umbler.com/customer/440105;leosouzart.com
https://ninjato.umbler.com/customer/440138;santaana.store
https://ninjato.umbler.com/customer/440152;sohnfischer.com.br
https://ninjato.umbler.com/customer/440233;centrallautomacao.com.br
https://ninjato.umbler.com/customer/440366;tato.work
https://ninjato.umbler.com/customer/440367;lokafesta.com.br
https://ninjato.umbler.com/customer/440385;blimas.dev
https://ninjato.umbler.com/customer/440504;fsaleite.com
https://ninjato.umbler.com/customer/440529;slimsemagrecimento.com.br
https://ninjato.umbler.com/customer/440573;maxmaq.com.br
https://ninjato.umbler.com/customer/440595;proyectosanear.com
https://ninjato.umbler.com/customer/440662;mantoagricola.com.br
https://ninjato.umbler.com/customer/440704;softgun.com.br
https://ninjato.umbler.com/customer/440733;portalphb.com.br
https://ninjato.umbler.com/customer/440772;tatianapontara.com.br
https://ninjato.umbler.com/customer/440792;emporiotianana.com.br
https://ninjato.umbler.com/customer/440878;penaldo.com.br
https://ninjato.umbler.com/customer/440903;rdpgrowthhack.com.br
https://ninjato.umbler.com/customer/441020;donogreen.com.br
https://ninjato.umbler.com/customer/441036;iconicosimoveis.com.br
https://ninjato.umbler.com/customer/441044;libidybr.com.br
https://ninjato.umbler.com/customer/441221;vanessakirchner.com.br
https://ninjato.umbler.com/customer/441250;sandaloshow.com.br
https://ninjato.umbler.com/customer/441257;starksphone.com.br
https://ninjato.umbler.com/customer/441361;impisapapeis.com.br
https://ninjato.umbler.com/customer/441410;ultra-buscas.com
https://ninjato.umbler.com/customer/441504;confra.site
https://ninjato.umbler.com/customer/441534;neroliss.site
https://ninjato.umbler.com/customer/441584;sintoniastudiodedanca.com.br
https://ninjato.umbler.com/customer/441689;lojadeprodutosgratis.com.br
https://ninjato.umbler.com/customer/441733;folhar.com.br
https://ninjato.umbler.com/customer/441746;mythoth.com.br
https://ninjato.umbler.com/customer/441866;mcatransporteselogistica.com.br
https://ninjato.umbler.com/customer/441893;showcarlavajato.com.br
https://ninjato.umbler.com/customer/441899;maridodealuguelfaz.com.br
https://ninjato.umbler.com/customer/441914;filhasdejors.com.br
https://ninjato.umbler.com/customer/441919;zfads.com.br
https://ninjato.umbler.com/customer/441971;syscong.com.br
https://ninjato.umbler.com/customer/441981;assembleiadedeusnabelgica.com
https://ninjato.umbler.com/customer/442020;garagemprodutiva.com.br
https://ninjato.umbler.com/customer/442032;atitudetransportes.com.br
https://ninjato.umbler.com/customer/442043;jornalultimahora.com
https://ninjato.umbler.com/customer/442153;museudaliteratura.com.br
https://ninjato.umbler.com/customer/442291;capryciterapias.com
https://ninjato.umbler.com/customer/442359;mvk369.xyz
https://ninjato.umbler.com/customer/442467;listexpress.com.br
https://ninjato.umbler.com/customer/442586;andersonericeira.com
https://ninjato.umbler.com/customer/442632;trocasegura.com
https://ninjato.umbler.com/customer/442651;chpguindastes.com.br
https://ninjato.umbler.com/customer/442790;patricksuyti.com.br
https://ninjato.umbler.com/customer/442859;realtv.com.br
https://ninjato.umbler.com/customer/443128;spinvestimob.com.br
https://ninjato.umbler.com/customer/443163;leonardosteixeira.com
https://ninjato.umbler.com/customer/443186;pollosys.com.br
https://ninjato.umbler.com/customer/443187;imagineviajar.com.br
https://ninjato.umbler.com/customer/443270;marcosguedeshnd.com
https://ninjato.umbler.com/customer/443298;riquezacongruente.com.br
https://ninjato.umbler.com/customer/443327;vendedordeconsorcioonline.online
https://ninjato.umbler.com/customer/443332;billshare.com.br
https://ninjato.umbler.com/customer/443402;autosocorrotolentino.com.br
https://ninjato.umbler.com/customer/443426;oticalkexclusive.com.br
https://ninjato.umbler.com/customer/443440;drnivaldocariry.com.br
https://ninjato.umbler.com/customer/443442;drmarcelomarciano.com.br
https://ninjato.umbler.com/customer/443494;semanafashionrevolution.com.br
https://ninjato.umbler.com/customer/443498;fabiocaetanodev.com.br
https://ninjato.umbler.com/customer/443501;webgrupoecolyzer.com.br
https://ninjato.umbler.com/customer/443535;cleytondev.com.br
https://ninjato.umbler.com/customer/443585;servicovisualscience.com
https://ninjato.umbler.com/customer/443688;superbloog.com
https://ninjato.umbler.com/customer/443703;lojasexh.com
https://ninjato.umbler.com/customer/443817;go2worker.com
https://ninjato.umbler.com/customer/443835;supergenios.co
https://ninjato.umbler.com/customer/443856;goodplace.store
https://ninjato.umbler.com/customer/443960;paravoceserfeliz.com
https://ninjato.umbler.com/customer/443961;filhotesaudavel.com
https://ninjato.umbler.com/customer/443965;lucrativos-negocios.com
https://ninjato.umbler.com/customer/443967;descobrindoeinventando.com
https://ninjato.umbler.com/customer/443979;seriesporelas.com.br
https://ninjato.umbler.com/customer/443985;newiteventos.com.br
https://ninjato.umbler.com/customer/444042;culturanorte.com.br
https://ninjato.umbler.com/customer/444257;guiatresfronteras.com
https://ninjato.umbler.com/customer/444259;sustentareprojetos.com
https://ninjato.umbler.com/customer/444282;bestjogos.com
https://ninjato.umbler.com/customer/444285;querohit.com.br
https://ninjato.umbler.com/customer/444325;potenciacol.com
https://ninjato.umbler.com/customer/444359;babychoices.com.br
https://ninjato.umbler.com/customer/444455;odontoucpel.com
https://ninjato.umbler.com/customer/444491;rosamelo.com
https://ninjato.umbler.com/customer/444495;anatagliarini.com
https://ninjato.umbler.com/customer/444603;brazproarq.com
https://ninjato.umbler.com/customer/444625;avanceagora.com
https://ninjato.umbler.com/customer/444643;funcapcursos.com.br
https://ninjato.umbler.com/customer/444726;academy.metriksports.com
https://ninjato.umbler.com/customer/444772;beeact.com.br
